trial_id	session_id	mode_id	participant_id	word	status	start_tstamp	end_tstamp	backspace_time	cancel_time	delete_tstamp	candidates
18	3	eyeswipe2	E02	historic	COMPLETED	22320.0	27176.0	0.0	0.0	-1.0	historic;hydraulic;heroic;hispanic;hiv;hdtv
18	3	eyeswipe2	E02	-	CANCELED	28031.0	29217.0	0.0	0.0	-1.0	-
18	3	eyeswipe2	E02	meeting	COMPLETED	29546.0	32606.0	0.0	0.0	-1.0	meeting;mesh;myth;much;munich;mixing;mustang;marking;matching;measuring
18	3	eyeswipe2	E02	-	CANCELED	33417.0	34227.0	0.0	0.0	-1.0	-
18	3	eyeswipe2	E02	without	COMPLETED	34257.0	37376.0	0.0	0.0	-1.0	without;squirt;equity;swift;wit;worry;eight;weight;wright;story
18	3	eyeswipe2	E02	-	CANCELED	38230.0	39117.0	0.0	0.0	-1.0	-
18	3	eyeswipe2	E02	a	COMPLETED	39117.0	39926.0	0.0	0.0	-1.0	a;aw;www;ada;area;ata;aqua;aruba;agenda;andrew
18	3	eyeswipe2	E02	result	COMPLETED	41171.0	44035.0	0.0	0.0	-1.0	result;resort;report;receipt;right;robert;root;robot;rabbit;reject
18	3	eyeswipe2	E02	.	COMPLETED	44906.0	45835.0	0.0	0.0	-1.0	.;;;!;?
19	3	eyeswipe2	E02	arguing	COMPLETED	50380.0	52766.0	0.0	0.0	-1.0	arguing;saying;adding;assessing;sing;washing;aging;swing;sewing;seating
19	3	eyeswipe2	E02	-	CANCELED	53516.0	54910.0	0.0	0.0	-1.0	-
19	3	eyeswipe2	E02	-	CANCELED	54910.0	59066.0	0.0	764.0	-1.0	-
19	3	eyeswipe2	E02	with	COMPLETED	59890.0	62979.0	0.0	0.0	-1.0	with;worth;worthy;worry;weight;wit;wait;wright;wealth;walt
19	3	eyeswipe2	E02	-	CANCELED	63927.0	64990.0	0.0	0.0	-1.0	-
19	3	eyeswipe2	E02	the	COMPLETED	65274.0	68425.0	0.0	0.0	-1.0	the;three;thee;there;tube;tune;true;tue;these;trustee
19	3	eyeswipe2	E02	-	CANCELED	69340.0	70359.0	0.0	0.0	-1.0	-
19	3	eyeswipe2	E02	-	CANCELED	70494.0	74682.0	0.0	783.0	-1.0	-
19	3	eyeswipe2	E02	-	CANCELED	75790.0	79615.0	0.0	736.0	-1.0	-
19	3	eyeswipe2	E02	-	CANCELED	79659.0	80380.0	0.0	0.0	-1.0	-
19	3	eyeswipe2	E02	boss	COMPLETED	80442.0	82674.0	0.0	0.0	-1.0	bios;boys;boss;boots;books;bias;bids;bits;vids;birds
19	3	eyeswipe2	E02	-	CANCELED	83724.0	84788.0	0.0	0.0	-1.0	-
19	3	eyeswipe2	E02	is	COMPLETED	84984.0	86411.0	0.0	0.0	-1.0	is;ids;its;irs;ideas;ides;uses;us;users;units
19	3	eyeswipe2	E02	-	CANCELED	87174.0	88089.0	0.0	0.0	-1.0	-
19	3	eyeswipe2	E02	-	CANCELED	88089.0	88824.0	0.0	0.0	-1.0	-
19	3	eyeswipe2	E02	futile	COMPLETED	88824.0	91647.0	0.0	0.0	-1.0	futile;deeper;delete;developer;detector;duke;frontier;despite;donor;dodge
19	3	eyeswipe2	E02	.	COMPLETED	93308.0	94089.0	0.0	0.0	-1.0	.;;;!;?
20	3	eyeswipe2	E02	not	COMPLETED	99669.0	102788.0	0.0	0.0	-1.0	not;night;notify;nut;nutty;nobody;nudity;ny;nudist;nursery
20	3	eyeswipe2	E02	quite	COMPLETED	104423.0	107364.0	0.0	0.0	-1.0	quite;que;quote;quarter;queue;qatar;quantitative;questionnaire
20	3	eyeswipe2	E02	-	CANCELED	108056.0	109072.0	0.0	0.0	-1.0	-
20	3	eyeswipe2	E02	so	COMPLETED	109072.0	110407.0	0.0	0.0	-1.0	so;sao;ski;solo;sci;stereo;sanyo;studio;saudi;semi
20	3	eyeswipe2	E02	smart	COMPLETED	111533.0	114727.0	0.0	0.0	-1.0	smart;semester;sender;seeker;scanner;shaft;sheet;sheer;sunset;seller
20	3	eyeswipe2	E02	-	CANCELED	115402.0	116453.0	0.0	0.0	-1.0	-
20	3	eyeswipe2	E02	as	COMPLETED	116514.0	117278.0	0.0	0.0	-1.0	as;sas;was;ass;ads;adds;ss;seas;seeds;sees
20	3	eyeswipe2	E02	you	COMPLETED	118477.0	120743.0	1814.0	0.0	-1.0	you;yahoo
20	3	eyeswipe2	E02	-	CANCELED	121553.0	123352.0	0.0	0.0	-1.0	-
20	3	eyeswipe2	E02	think	COMPLETED	125676.0	127436.0	0.0	0.0	-1.0	think;funk;trunk;tim;trim;tom;from;folk;thin;fun
20	3	eyeswipe2	E02	.	COMPLETED	128213.0	129156.0	0.0	0.0	-1.0	.;;;!;?
21	3	eyeswipe2	E02	we	COMPLETED	134152.0	135427.0	0.0	0.0	-1.0	we;were;ware;waste;wage;wave;where;wayne;website;wise
21	3	eyeswipe2	E02	are	COMPLETED	136913.0	138863.0	0.0	0.0	-1.0	are;aware;ate;after;adware;acre;acer;ace;arcade;age
21	3	eyeswipe2	E02	having	COMPLETED	140212.0	143241.0	0.0	0.0	-1.0	having;hanging;heading;heath;hash;hamburg;health;healing;heating;hearing
21	3	eyeswipe2	E02	fcc	DELETED	144426.0	145328.0	1665.0	0.0	148404.0	fcc;cc;chef;cubic;chief;cardiac;civic;ceramic;fabric
21	3	eyeswipe2	E02	-	CANCELED	148191.0	150651.0	0.0	0.0	-1.0	-
21	3	eyeswipe2	E02	spaghetti	COMPLETED	150651.0	153652.0	0.0	0.0	-1.0	spaghetti;saudi;suzuki;subaru;sci;shanghai;semi;safari;ski
21	3	eyeswipe2	E02	.	COMPLETED	154566.0	155706.0	0.0	0.0	-1.0	.;;;!;?
22	3	eyeswipe2	E02	that	COMPLETED	161135.0	163550.0	0.0	0.0	-1.0	that;threat;trust;theft;treat;test;target;text;tract;taught
22	3	eyeswipe2	E02	ft	DELETED	164962.0	165800.0	1886.0	0.0	168733.0	ft;refer;ref;fever;reef;feet;reset;test;rest;text
22	3	eyeswipe2	E02	-	CANCELED	169280.0	174564.0	0.0	633.0	-1.0	-
22	3	eyeswipe2	E02	gig	DELETED	174564.0	175055.0	1785.0	0.0	177907.0	gig;greg
22	3	eyeswipe2	E02	hub	DELETED	177800.0	178508.0	1950.0	0.0	182026.0	hub;hugh;high;bunch;birth;borough;both;bob;bomb;booth
22	3	eyeswipe2	E02	referendum	COMPLETED	182767.0	187188.0	0.0	0.0	-1.0	referendum;rhythm;random;ranch;ram;redeem;refresh;research;reach;realm
22	3	eyeswipe2	E02	-	CANCELED	188105.0	189649.0	0.0	0.0	-1.0	-
22	3	eyeswipe2	E02	asked	COMPLETED	189649.0	191840.0	0.0	0.0	-1.0	asked;amd;armed;advised;advise;acid;anime;admitted;annie;alter
22	3	eyeswipe2	E02	a	COMPLETED	193759.0	194270.0	0.0	0.0	-1.0	a;sa;sea;ada;sara;area;ata;sega;aqua;scuba
22	3	eyeswipe2	E02	silly	COMPLETED	195080.0	197899.0	0.0	0.0	-1.0	silly;sky;safely;sally;spy;supply;simply;sony;symphony;security
22	3	eyeswipe2	E02	-	CANCELED	198559.0	199954.0	0.0	0.0	-1.0	-
22	3	eyeswipe2	E02	.	COMPLETED	200119.0	204048.0	0.0	0.0	-1.0	.;;;!;?
23	3	eyeswipe2	E02	all	COMPLETED	212267.0	214173.0	0.0	0.0	-1.0	al;wal;wall;all;adsl;aol;awful;wool;well;will
23	3	eyeswipe2	E02	-	CANCELED	216422.0	218253.0	0.0	0.0	-1.0	-
23	3	eyeswipe2	E02	together	COMPLETED	218553.0	223022.0	0.0	0.0	-1.0	together;tier;tour;tyler;tiger;trigger;timer;tumor;thriller;toner
23	3	eyeswipe2	E02	-	CANCELED	223922.0	225441.0	0.0	0.0	-1.0	-
23	3	eyeswipe2	E02	in	COMPLETED	225738.0	227688.0	0.0	0.0	-1.0	in;inn;ion;icon;iron;introduction;induction;invention;infection;intention
23	3	eyeswipe2	E02	one	COMPLETED	229202.0	231272.0	0.0	0.0	-1.0	one;olive;once;online;observe;operate;offense;occurrence;office;optimize
23	3	eyeswipe2	E02	-	CANCELED	232052.0	233358.0	0.0	0.0	-1.0	-
23	3	eyeswipe2	E02	big	COMPLETED	234452.0	236882.0	0.0	0.0	-1.0	big;bug;buying;booking;blog;blogging;billing;bufing;boring;burning
23	3	eyeswipe2	E02	-	CANCELED	237707.0	239566.0	0.0	0.0	-1.0	-
23	3	eyeswipe2	E02	pile	COMPLETED	240001.0	242686.0	0.0	0.0	-1.0	pile;pike;pole;pulse;poker;prefer;pie;pipe;peter;pre
23	3	eyeswipe2	E02	.	COMPLETED	245582.0	246497.0	0.0	0.0	-1.0	.;;;!;?
24	3	eyeswipe2	E02	get	COMPLETED	251777.0	254821.0	0.0	0.0	-1.0	get;guest;great;greater;gather;greatest;gear;gender;gmt;guitar
24	3	eyeswipe2	E02	-	CANCELED	256245.0	262368.0	0.0	719.0	-1.0	-
24	3	eyeswipe2	E02	-	CANCELED	262368.0	263551.0	0.0	0.0	-1.0	-
24	3	eyeswipe2	E02	-	CANCELED	263626.0	266595.0	0.0	0.0	-1.0	-
24	3	eyeswipe2	E02	-	CANCELED	268186.0	273557.0	0.0	1157.0	-1.0	-
24	3	eyeswipe2	E02	aboard	COMPLETED	274846.0	279014.0	0.0	0.0	-1.0	aboard;advised;annotated;allowed;administered;affiliated;avoided;alfred;altered;adopted
24	3	eyeswipe2	E02	-	CANCELED	279797.0	280830.0	0.0	0.0	-1.0	-
24	3	eyeswipe2	E02	the	COMPLETED	280830.0	282480.0	0.0	0.0	-1.0	the;there;three;thee;tue;these;true;tube;thunder;tune
24	3	eyeswipe2	E02	ship	COMPLETED	283650.0	285900.0	0.0	0.0	-1.0	ship;shop;sip;so;skip;sap;sao;solo;soup;slip
24	3	eyeswipe2	E02	-	CANCELED	286620.0	288106.0	0.0	0.0	-1.0	-
24	3	eyeswipe2	E02	is	COMPLETED	288317.0	289394.0	0.0	0.0	-1.0	is;ids;its;irs;ides;ideas;indexes;ins;interfaces;interests
24	3	eyeswipe2	E02	-	CANCELED	290417.0	291902.0	0.0	0.0	-1.0	-
24	3	eyeswipe2	E02	-	CANCELED	291902.0	297180.0	0.0	765.0	-1.0	-
24	3	eyeswipe2	E02	leaving	COMPLETED	297719.0	301963.0	0.0	0.0	-1.0	leaving;leading;loading;lodging;losing;leasing;listening;laughing;learning;luxembourg
24	3	eyeswipe2	E02	.	COMPLETED	302759.0	303779.0	0.0	0.0	-1.0	.;;;!;?
25	3	eyeswipe2	E02	no	COMPLETED	309794.0	310843.0	0.0	0.0	-1.0	no;bio;bikini;bingo;brunei;neo;nintendo;nano;nato;bali
25	3	eyeswipe2	E02	i	DELETED	311985.0	312133.0	1453.0	0.0	315033.0	i
25	3	eyeswipe2	E02	-	CANCELED	315013.0	316980.0	0.0	0.0	-1.0	-
25	3	eyeswipe2	E02	kissing	COMPLETED	316980.0	319425.0	0.0	0.0	-1.0	kissing;knowing;knocking;keeping;knitting;kong;jumping;joining;kg;king
25	3	eyeswipe2	E02	-	CANCELED	320161.0	321403.0	0.0	0.0	-1.0	-
25	3	eyeswipe2	E02	-	CANCELED	321568.0	326008.0	0.0	780.0	-1.0	-
25	3	eyeswipe2	E02	in	COMPLETED	326248.0	328528.0	0.0	0.0	-1.0	in;ion;inn;icon;introduction;iron;induction;invention;infection;intention
25	3	eyeswipe2	E02	the	COMPLETED	329682.0	331768.0	0.0	0.0	-1.0	the;three;thee;there;these;true;tue;tube;tune;tuner
25	3	eyeswipe2	E02	library	COMPLETED	333446.0	337004.0	0.0	0.0	-1.0	library;lindsay;lady;lay;lazy;larry;longest;last;latest;liberty
25	3	eyeswipe2	E02	.	COMPLETED	337871.0	338953.0	0.0	0.0	-1.0	.;;;!;?
7	2	eyeswipe2	E02	universally	COMPLETED	24961.0	28846.0	0.0	0.0	-1.0	universally;university;uncertainty;unlikely;ultimately;unfortunately;utility;usually;ugly;uruguay
7	2	eyeswipe2	E02	-	CANCELED	29763.0	31696.0	0.0	0.0	-1.0	-
7	2	eyeswipe2	E02	understood	COMPLETED	32041.0	35792.0	0.0	0.0	-1.0	understood;undefined;underground;unsigned;unified;unexpected;untitled;unauthorized;understand;used
7	2	eyeswipe2	E02	-	CANCELED	36661.0	37772.0	0.0	0.0	-1.0	-
7	2	eyeswipe2	E02	to	COMPLETED	37801.0	38972.0	0.0	0.0	-1.0	to;too;foo;trio;tokyo;treo;turbo;techno;foto;two
7	2	eyeswipe2	E02	be	COMPLETED	40246.0	42122.0	0.0	0.0	-1.0	be;bee;byte;bye;base;beware;bare;beverage;badge;brave
7	2	eyeswipe2	E02	-	CANCELED	42960.0	43936.0	0.0	0.0	-1.0	-
7	2	eyeswipe2	E02	-	CANCELED	43995.0	47611.0	0.0	614.0	-1.0	-
7	2	eyeswipe2	E02	wrong	COMPLETED	48451.0	51421.0	0.0	0.0	-1.0	wing;wrong;wearing;wyoming;wedding;washing;winning;wrestling;walking;willing
7	2	eyeswipe2	E02	.	COMPLETED	52473.0	53521.0	0.0	0.0	-1.0	.;;;!;?
8	2	eyeswipe2	E02	can	COMPLETED	59850.0	62745.0	0.0	0.0	-1.0	can;cab;carb;certain;cabin;chen;chan;chain;club;calvin
8	2	eyeswipe2	E02	we	COMPLETED	64260.0	65924.0	0.0	0.0	-1.0	we;ware;were;waste;wave;wage;where;wayne;website;wise
8	2	eyeswipe2	E02	-	CANCELED	67275.0	72945.0	0.0	675.0	-1.0	-
8	2	eyeswipe2	E02	play	COMPLETED	73440.0	76815.0	0.0	0.0	-1.0	play;pst;pat;pay;party;part;past;pest;pray;podcast
8	2	eyeswipe2	E02	-	CANCELED	77715.0	78863.0	0.0	0.0	-1.0	-
8	2	eyeswipe2	E02	cards	COMPLETED	78863.0	81060.0	0.0	0.0	-1.0	cards;cars;cares;careers;cats;cases;cbs;cds;cvs;creates
8	2	eyeswipe2	E02	tonight	COMPLETED	82170.0	86894.0	0.0	0.0	-1.0	tonight;toolkit;tight;thought;throughout;trout;tit;toilet;theft;ticket
8	2	eyeswipe2	E02	.	COMPLETED	87629.0	88513.0	0.0	0.0	-1.0	.;;;!;?
9	2	eyeswipe2	E02	a	COMPLETED	94259.0	95069.0	0.0	0.0	-1.0	a;ada;area;ata;aqua;aruba;arena;ana;agenda;andrea
9	2	eyeswipe2	E02	quarter	COMPLETED	96388.0	99269.0	0.0	0.0	-1.0	quite;que;quarter;quote;queue;qatar;questionnaire;quantitative
9	2	eyeswipe2	E02	-	CANCELED	100332.0	101668.0	0.0	0.0	-1.0	-
9	2	eyeswipe2	E02	of	COMPLETED	101728.0	102883.0	0.0	0.0	-1.0	of;off;if;itself
9	2	eyeswipe2	E02	a	COMPLETED	104248.0	105658.0	0.0	0.0	-1.0	a;ada;area;ata;arena;ana;agenda;andrea;aqua;aruba
9	2	eyeswipe2	E02	century	COMPLETED	106919.0	110398.0	0.0	0.0	-1.0	century;cent;cemetery;cant;candy;credit;caught;cement;cabinet;cyber
9	2	eyeswipe2	E02	.	COMPLETED	111208.0	112093.0	0.0	0.0	-1.0	.;;;!;?
10	2	eyeswipe2	E02	-	CANCELED	116262.0	120492.0	0.0	675.0	-1.0	-
10	2	eyeswipe2	E02	double	COMPLETED	120914.0	124932.0	0.0	0.0	-1.0	double;donor;done;dodge;dome;dose;dover;delaware;declare;despite
10	2	eyeswipe2	E02	double	COMPLETED	125892.0	128606.0	0.0	0.0	-1.0	double;single;struggle;sublime;slide;slope;shuttle;settle;decline;shore
10	2	eyeswipe2	E02	-	CANCELED	129268.0	130498.0	0.0	0.0	-1.0	-
10	2	eyeswipe2	E02	toil	COMPLETED	130796.0	132972.0	0.0	0.0	-1.0	toil;toll;tool;til;till;tri;tel;tell;trembl;twiki
10	2	eyeswipe2	E02	-	CANCELED	133692.0	134518.0	0.0	0.0	-1.0	-
10	2	eyeswipe2	E02	and	COMPLETED	134518.0	136317.0	0.0	0.0	-1.0	amber;anger;shed;and;amd;sand;semester;send;sender;sheer
10	2	eyeswipe2	E02	trouble	COMPLETED	138791.0	142242.0	0.0	0.0	-1.0	terrible;trouble;those;tongue;tone;tribe;tribute;triple;toe;tire
10	2	eyeswipe2	E02	.	COMPLETED	143682.0	144581.0	0.0	0.0	-1.0	.;;;!;?
11	2	eyeswipe2	E02	the	COMPLETED	150177.0	152261.0	0.0	0.0	-1.0	the;three;thee;there;tue;true;these;tune;tube;trustee
11	2	eyeswipe2	E02	food	COMPLETED	153371.0	156026.0	0.0	0.0	-1.0	food;ford;forced;fired;figured;fixed;fitted;filed;floyd;fluid
11	2	eyeswipe2	E02	-	CANCELED	156776.0	157616.0	0.0	0.0	-1.0	-
11	2	eyeswipe2	E02	at	COMPLETED	157705.0	158755.0	0.0	0.0	-1.0	at;art;sat;asset;arrest;seat;set;sweet;street;act
11	2	eyeswipe2	E02	this	COMPLETED	160646.0	162895.0	0.0	0.0	-1.0	this;tries;thus;tires;ties;tigers;tied;turfed;third;tired
11	2	eyeswipe2	E02	restaurant	COMPLETED	164620.0	168939.0	0.0	0.0	-1.0	resident;requirement;recruitment;retirement;resistant;restaurant;randy;recovery;remedy;registry
11	2	eyeswipe2	E02	.	COMPLETED	170875.0	171775.0	0.0	0.0	-1.0	.;;;!;?
12	2	eyeswipe2	E02	irregular	COMPLETED	175735.0	179815.0	0.0	0.0	-1.0	irregular;indirect;insider;identifier;incorrect;internet;intranet;investor;interior;instructor
12	2	eyeswipe2	E02	-	CANCELED	180894.0	182094.0	0.0	0.0	-1.0	-
12	2	eyeswipe2	E02	verbs	COMPLETED	182094.0	184165.0	0.0	0.0	-1.0	verbs;vegas;freebsd;verse;verde;cbs;cds;cd;fed;fred
12	2	eyeswipe2	E02	-	CANCELED	184840.0	185965.0	0.0	0.0	-1.0	-
12	2	eyeswipe2	E02	are	COMPLETED	185965.0	187104.0	0.0	0.0	-1.0	adware;ate;ste;are;safe;se;aware;see;ace;arcade
12	2	eyeswipe2	E02	the	COMPLETED	189054.0	191108.0	0.0	0.0	-1.0	the;three;thee;there;true;tube;tue;tune;tuner;thunder
12	2	eyeswipe2	E02	-	CANCELED	191784.0	193028.0	0.0	0.0	-1.0	-
12	2	eyeswipe2	E02	hardest	COMPLETED	193028.0	194904.0	0.0	0.0	-1.0	harder;hat;hardest;hart;header;heat;headset;gear;heart;hear
12	2	eyeswipe2	E02	-	CANCELED	195954.0	197214.0	0.0	0.0	-1.0	-
12	2	eyeswipe2	E02	to	COMPLETED	197258.0	198338.0	0.0	0.0	-1.0	to;rio;trio;too;retro;treo;tokyo;reno;turbo;techno
12	2	eyeswipe2	E02	learn	COMPLETED	200334.0	203318.0	0.0	0.0	-1.0	len;learn;listen;loan;lean;logan;lawn;laden;lan;lamb
12	2	eyeswipe2	E02	.	COMPLETED	205464.0	206514.0	0.0	0.0	-1.0	.;;;!;?
13	2	eyeswipe2	E02	always	COMPLETED	211106.0	213533.0	0.0	0.0	-1.0	always;athletes;alerts;animated;alleged;allocated;automated;separated;signatures;activated
13	2	eyeswipe2	E02	-	CANCELED	214706.0	215843.0	0.0	0.0	-1.0	-
13	2	eyeswipe2	E02	cover	COMPLETED	215843.0	217777.0	0.0	0.0	-1.0	cover;cove;clone;cylinder;concrete;converter;come;choice;chinese;commerce
13	2	eyeswipe2	E02	-	CANCELED	218437.0	219414.0	0.0	0.0	-1.0	-
13	2	eyeswipe2	E02	all	COMPLETED	219414.0	220614.0	0.0	0.0	-1.0	al;all;adsl;ask;aol;sail;sol;silk;skill;still
13	2	eyeswipe2	E02	-	CANCELED	221813.0	223193.0	0.0	0.0	-1.0	-
13	2	eyeswipe2	E02	the	COMPLETED	223282.0	224767.0	0.0	0.0	-1.0	the;three;thee;there;true;tube;tue;tune;these;fudge
13	2	eyeswipe2	E02	best	COMPLETED	225938.0	228742.0	0.0	0.0	-1.0	best;bet;breast;bat;beat;beast;budget;burst;but;butt
13	2	eyeswipe2	E02	.	COMPLETED	229492.0	230363.0	0.0	0.0	-1.0	.;;;!;?
14	2	eyeswipe2	E02	all	COMPLETED	235120.0	236451.0	0.0	0.0	-1.0	all;al;adsl;aol;awful;angel;alcohol;actual;anal;annual
14	2	eyeswipe2	E02	-	CANCELED	237382.0	238732.0	0.0	0.0	-1.0	-
14	2	eyeswipe2	E02	work	COMPLETED	238732.0	240936.0	0.0	0.0	-1.0	work;week;weak;walk
14	2	eyeswipe2	E02	-	CANCELED	241687.0	243051.0	0.0	0.0	-1.0	-
14	2	eyeswipe2	E02	and	COMPLETED	243051.0	244656.0	0.0	0.0	-1.0	and;amd;sand;shed;send;seemed;answered;asked;searched;armed
14	2	eyeswipe2	E02	-	CANCELED	245482.0	247192.0	0.0	0.0	-1.0	-
14	2	eyeswipe2	E02	no	COMPLETED	247523.0	249562.0	0.0	0.0	-1.0	no;nick;norfolk;neck;nintendo;neo;notebook;network;newark;nano
14	2	eyeswipe2	E02	-	CANCELED	250642.0	252020.0	0.0	0.0	-1.0	-
14	2	eyeswipe2	E02	play	COMPLETED	252171.0	254065.0	0.0	0.0	-1.0	play;poetry;poverty;pretty;perry;pussy;pottery;party;pray;pay
14	2	eyeswipe2	E02	.	COMPLETED	255036.0	255906.0	0.0	0.0	-1.0	.;;;!;?
15	2	eyeswipe2	E02	you	COMPLETED	262673.0	264920.0	0.0	0.0	-1.0	you
15	2	eyeswipe2	E02	want	COMPLETED	266255.0	268700.0	0.0	0.0	-1.0	want;went;warrant;wait;weight;wit;wright;warcraft;wrist;win
15	2	eyeswipe2	E02	to	COMPLETED	269842.0	271940.0	0.0	0.0	-1.0	to;too;trio;tokyo;treo;turbo;techno;toronto;two;tattoo
15	2	eyeswipe2	E02	-	CANCELED	272871.0	274055.0	0.0	0.0	-1.0	-
15	2	eyeswipe2	E02	eat	COMPLETED	274099.0	275600.0	0.0	0.0	-1.0	eat;east;est;exact;et;effect;extract;extent;ethernet;event
15	2	eyeswipe2	E02	-	CANCELED	276981.0	278104.0	0.0	0.0	-1.0	-
15	2	eyeswipe2	E02	your	COMPLETED	278361.0	281120.0	0.0	0.0	-1.0	your;younger;year;yet;yeast;yacht
15	2	eyeswipe2	E02	-	CANCELED	281825.0	283174.0	0.0	0.0	-1.0	-
15	2	eyeswipe2	E02	cake	COMPLETED	283174.0	285334.0	0.0	0.0	-1.0	cake;came;fame;farmer;fake;cable;castle;failure;fair;dame
15	2	eyeswipe2	E02	.	COMPLETED	286161.0	286984.0	0.0	0.0	-1.0	.;;;!;?
16	2	eyeswipe2	E02	i	COMPLETED	294514.0	295882.0	0.0	0.0	-1.0	i;israeli;iraqi
16	2	eyeswipe2	E02	will	COMPLETED	297604.0	300559.0	0.0	0.0	-1.0	will;wool;well;wal;wall;wiki;wheel;wifi;wishful;wonderful
16	2	eyeswipe2	E02	put	COMPLETED	301790.0	304235.0	0.0	0.0	-1.0	pit;pot;put;plot;poly;port;pilot;poultry;pdt;point
16	2	eyeswipe2	E02	-	CANCELED	305585.0	306724.0	0.0	0.0	-1.0	-
16	2	eyeswipe2	E02	on	COMPLETED	307053.0	308883.0	0.0	0.0	-1.0	on;opinion;onion;option;origin;open;oven;often;oregon;oxygen
16	2	eyeswipe2	E02	my	COMPLETED	309919.0	312168.0	0.0	0.0	-1.0	my;mighty;minority;mobility;monthly;modify;money;monkey;montgomery;mercy
16	2	eyeswipe2	E02	-	CANCELED	313218.0	314298.0	0.0	0.0	-1.0	-
16	2	eyeswipe2	E02	-	CANCELED	314510.0	320133.0	0.0	599.0	-1.0	-
16	2	eyeswipe2	E02	glasses	COMPLETED	321182.0	325518.0	0.0	0.0	-1.0	glasses;glass;gloves;goes;gps;gods;goods;golfers;gore;gone
16	2	eyeswipe2	E02	.	COMPLETED	326297.0	327288.0	0.0	0.0	-1.0	.;;;!;?
17	2	eyeswipe2	E02	-	CANCELED	332387.0	337969.0	0.0	810.0	-1.0	-
17	2	eyeswipe2	E02	-	CANCELED	339408.0	346920.0	0.0	735.0	-1.0	-
17	2	eyeswipe2	E02	-	CANCELED	346996.0	348257.0	0.0	0.0	-1.0	-
17	2	eyeswipe2	E02	breathing	COMPLETED	348901.0	352816.0	0.0	0.0	-1.0	breathing;breaking;bearing;baking;banking;backing;beijing;being;becoming;beginning
17	2	eyeswipe2	E02	-	CANCELED	354587.0	356086.0	0.0	0.0	-1.0	-
17	2	eyeswipe2	E02	is	COMPLETED	356116.0	357316.0	0.0	0.0	-1.0	is;ids;its;irs;ides;ideas;id;infected;infrared;injured
17	2	eyeswipe2	E02	-	CANCELED	358066.0	359475.0	0.0	0.0	-1.0	-
17	2	eyeswipe2	E02	difficult	COMPLETED	359475.0	362895.0	0.0	0.0	-1.0	difficult;difficulty;roughly;discount;ricky;eligibility;rocky;digit;electricity;deficit
17	2	eyeswipe2	E02	.	COMPLETED	363707.0	364459.0	0.0	0.0	-1.0	.;;;!;?
26	4	eyeswipe2	E02	just	COMPLETED	94980.0	97410.0	0.0	0.0	-1.0	just;jet;joint;janet;judgment;jacket;jelsoft;journalist;javascript
26	4	eyeswipe2	E02	-	CANCELED	98220.0	99376.0	0.0	0.0	-1.0	-
26	4	eyeswipe2	E02	what	COMPLETED	99675.0	102285.0	0.0	0.0	-1.0	wheat;what;webster;webcast;webmaster;wrist;westminster;whatever;wider;waiver
26	4	eyeswipe2	E02	-	CANCELED	103395.0	104688.0	0.0	0.0	-1.0	-
26	4	eyeswipe2	E02	the	COMPLETED	104688.0	106815.0	0.0	0.0	-1.0	the;three;thee;there;these;tube;tune;tue;true;trustee
26	4	eyeswipe2	E02	doctor	COMPLETED	107985.0	110655.0	0.0	0.0	-1.0	doctor;deficit;digit;difficult;director;didn't;disorder;deposit;district;distributor
26	4	eyeswipe2	E02	-	CANCELED	111345.0	112634.0	0.0	0.0	-1.0	-
26	4	eyeswipe2	E02	-	CANCELED	112935.0	118231.0	0.0	751.0	-1.0	-
26	4	eyeswipe2	E02	ordered	COMPLETED	118559.0	122879.0	0.0	0.0	-1.0	order;outer;offer;our;or;ordered;older;opposed;offered;other
26	4	eyeswipe2	E02	-	CANCELED	124397.0	125564.0	0.0	0.0	-1.0	-
26	4	eyeswipe2	E02	.	COMPLETED	125564.0	126706.0	0.0	0.0	-1.0	.;;;!;?
27	4	eyeswipe2	E02	this	COMPLETED	133094.0	135629.0	0.0	0.0	-1.0	this;thus;tries;tires;ties;toes;tours;thoughts;toys;toss
27	4	eyeswipe2	E02	camera	COMPLETED	136843.0	140624.0	0.0	0.0	-1.0	camera;canberra;cameras;cakes;cams;canada;canvas;cashiers;cabinets;cables
27	4	eyeswipe2	E02	-	CANCELED	141407.0	142618.0	0.0	0.0	-1.0	-
27	4	eyeswipe2	E02	-	CANCELED	142618.0	147462.0	0.0	930.0	-1.0	-
27	4	eyeswipe2	E02	tahoe	DELETED	148408.0	152008.0	1906.0	0.0	157030.0	tahoe;take;tale;table;tackle;textile;treasure;texture;twelve;temple
27	4	eyeswipe2	E02	takes	COMPLETED	157842.0	161505.0	0.0	0.0	-1.0	takes;tables;tales;tanks;talks;tasks;tracks;travis;tablets;trails
27	4	eyeswipe2	E02	-	CANCELED	163200.0	165028.0	0.0	0.0	-1.0	-
27	4	eyeswipe2	E02	nice	COMPLETED	165612.0	168972.0	0.0	0.0	-1.0	nice;nine;node;nude;nose;noise;none;nightmare;nike;nuke
27	4	eyeswipe2	E02	-	CANCELED	170771.0	178466.0	0.0	807.0	-1.0	-
27	4	eyeswipe2	E02	-	CANCELED	178466.0	180670.0	0.0	0.0	-1.0	-
27	4	eyeswipe2	E02	photographs	COMPLETED	180853.0	187152.0	0.0	0.0	-1.0	provisions;problems;protocols;photographs;photographers;performs;predictions;publications;populations;principles
27	4	eyeswipe2	E02	bomb	DELETED	190016.0	191157.0	1923.0	0.0	193972.0	bomb;bob;boob
27	4	eyeswipe2	E02	.	COMPLETED	193646.0	194771.0	0.0	0.0	-1.0	.;;;!;?
28	4	eyeswipe2	E02	i	COMPLETED	200624.0	202211.0	0.0	0.0	-1.0	i;israeli;iraqi
28	4	eyeswipe2	E02	-	CANCELED	203246.0	204415.0	0.0	0.0	-1.0	-
28	4	eyeswipe2	E02	do	COMPLETED	204597.0	206804.0	0.0	0.0	-1.0	do;duo;demo;diego;disco;dildo
28	4	eyeswipe2	E02	not	COMPLETED	207714.0	210895.0	0.0	0.0	-1.0	not;night;nut;nudist;net;nest;next;northwest;newest;nonprofit
28	4	eyeswipe2	E02	-	CANCELED	211648.0	213221.0	0.0	0.0	-1.0	-
28	4	eyeswipe2	E02	care	COMPLETED	213268.0	215052.0	0.0	0.0	-1.0	car;care;career;case;cafe;carter;cedar;cassette;create;cave
28	4	eyeswipe2	E02	-	CANCELED	217616.0	218845.0	0.0	0.0	-1.0	-
28	4	eyeswipe2	E02	if	COMPLETED	218995.0	220359.0	0.0	0.0	-1.0	if;id;used;usd;ind;infected;inserted;indexed;interested;injured
28	4	eyeswipe2	E02	you	COMPLETED	221803.0	224275.0	0.0	0.0	-1.0	you
28	4	eyeswipe2	E02	-	CANCELED	224995.0	226346.0	0.0	0.0	-1.0	-
28	4	eyeswipe2	E02	do	COMPLETED	226542.0	227694.0	0.0	0.0	-1.0	do;duo;so;ski;sci;solo;silk;deck;desk;derek
28	4	eyeswipe2	E02	-	CANCELED	228490.0	229870.0	0.0	0.0	-1.0	-
28	4	eyeswipe2	E02	that	COMPLETED	229870.0	232004.0	0.0	0.0	-1.0	that;trust;threat;theft;treat;test;target;text;tract;taught
28	4	eyeswipe2	E02	.	COMPLETED	232808.0	233801.0	0.0	0.0	-1.0	.;;;!;?
29	4	eyeswipe2	E02	presidents	COMPLETED	243402.0	247058.0	0.0	0.0	-1.0	presidents;patients;platforms;performs;organisms;payments;programs;lesbians;orleans;programmers
29	4	eyeswipe2	E02	-	CANCELED	248289.0	250238.0	0.0	0.0	-1.0	-
29	4	eyeswipe2	E02	drive	COMPLETED	250359.0	252338.0	0.0	0.0	-1.0	drive;dive;dice;diverse;describe;since;dine;define;shine;stone
29	4	eyeswipe2	E02	-	CANCELED	253178.0	254738.0	0.0	0.0	-1.0	-
29	4	eyeswipe2	E02	expensive	COMPLETED	254738.0	258788.0	0.0	0.0	-1.0	expensive;expansys;supplements;expenditure;expenditures;siemens;situations;simplified;sacrifice;simpsons
29	4	eyeswipe2	E02	-	CANCELED	259688.0	263662.0	0.0	720.0	-1.0	-
29	4	eyeswipe2	E02	cars	COMPLETED	264277.0	267474.0	0.0	0.0	-1.0	cars;cards;cares;careers;cases;cats;cds;cvs;creates;crafts
29	4	eyeswipe2	E02	.	COMPLETED	268237.0	269198.0	0.0	0.0	-1.0	.;;;!;?
30	4	eyeswipe2	E02	our	COMPLETED	279188.0	281707.0	0.0	0.0	-1.0	our;or;of;off;other;older;outer;order;offer;over
30	4	eyeswipe2	E02	-	CANCELED	284467.0	286930.0	0.0	765.0	-1.0	-
30	4	eyeswipe2	E02	-	CANCELED	286930.0	288171.0	0.0	0.0	-1.0	-
30	4	eyeswipe2	E02	fax	COMPLETED	288457.0	290586.0	0.0	0.0	-1.0	fax;fix;firefox;fox;flex;flux
30	4	eyeswipe2	E02	number	COMPLETED	292851.0	296887.0	0.0	0.0	-1.0	number;nested;never;newer;near;niger;nascar;nights;numbers;news
30	4	eyeswipe2	E02	-	CANCELED	297636.0	298835.0	0.0	0.0	-1.0	-
30	4	eyeswipe2	E02	has	COMPLETED	299273.0	301747.0	0.0	0.0	-1.0	has;his;hearts;hughes;herbs;highs;highways;hayes;hundreds;hazards
30	4	eyeswipe2	E02	-	CANCELED	302497.0	303815.0	0.0	0.0	-1.0	-
30	4	eyeswipe2	E02	changed	COMPLETED	303997.0	307626.0	0.0	0.0	-1.0	changed;chamber;change;chance;charged;charger;charge;checked;cheque;characterized
30	4	eyeswipe2	E02	.	COMPLETED	308360.0	309489.0	0.0	0.0	-1.0	.;;;!;?
31	4	eyeswipe2	E02	interactions	COMPLETED	316805.0	321635.0	0.0	0.0	-1.0	interactions;infections;indices;insights;induced;infectious;invalid;innovations;institutions;installed
31	4	eyeswipe2	E02	-	CANCELED	322460.0	323495.0	0.0	0.0	-1.0	-
31	4	eyeswipe2	E02	-	CANCELED	323615.0	329014.0	0.0	780.0	-1.0	-
31	4	eyeswipe2	E02	-	CANCELED	329014.0	330934.0	0.0	0.0	-1.0	-
31	4	eyeswipe2	E02	-	CANCELED	331296.0	337219.0	0.0	750.0	-1.0	-
31	4	eyeswipe2	E02	-	CANCELED	337295.0	338345.0	0.0	0.0	-1.0	-
31	4	eyeswipe2	E02	between	COMPLETED	338523.0	342322.0	0.0	0.0	-1.0	between;bryan;began;ben;beam;bean;been;begun;barn;ban
31	4	eyeswipe2	E02	men	COMPLETED	344524.0	346938.0	0.0	0.0	-1.0	men;msn;mean;man;milan;margin;martin;main;michigan;mountain
31	4	eyeswipe2	E02	-	CANCELED	347677.0	348619.0	0.0	0.0	-1.0	-
31	4	eyeswipe2	E02	and	COMPLETED	348903.0	351035.0	0.0	0.0	-1.0	and;amd;abc;armed;answered;aged;asked;advanced;agreed;arranged
31	4	eyeswipe2	E02	woman	COMPLETED	352473.0	355518.0	0.0	0.0	-1.0	woman;women;wooden;widescreen;william;worm;worn;written;wilson;wisdom
31	4	eyeswipe2	E02	.	COMPLETED	356194.0	357123.0	0.0	0.0	-1.0	.;;;!;?
32	4	eyeswipe2	E02	he	COMPLETED	364338.0	366290.0	0.0	0.0	-1.0	he;here;huge;hardware;hide;hire;hate;hence;hygiene;have
32	4	eyeswipe2	E02	-	CANCELED	367097.0	368643.0	0.0	0.0	-1.0	-
32	4	eyeswipe2	E02	underwent	COMPLETED	368913.0	372932.0	0.0	0.0	-1.0	underwent;urgent;user;usr;unit;underwear;under;upset;upskirt;upper
32	4	eyeswipe2	E02	-	CANCELED	373745.0	375003.0	0.0	0.0	-1.0	-
32	4	eyeswipe2	E02	triple	COMPLETED	375394.0	378467.0	0.0	0.0	-1.0	triple;tour;tile;tower;toe;tyler;type;terror;those;time
32	4	eyeswipe2	E02	-	CANCELED	379293.0	380539.0	0.0	0.0	-1.0	-
32	4	eyeswipe2	E02	bypass	COMPLETED	380807.0	384332.0	0.0	0.0	-1.0	bypass;builders;builds;bios;bills;borders;bones;bonus;boys;boxes
32	4	eyeswipe2	E02	-	CANCELED	385112.0	386222.0	0.0	0.0	-1.0	-
32	4	eyeswipe2	E02	surgery	COMPLETED	386222.0	388354.0	0.0	0.0	-1.0	surgery;surrey;survey;study;satisfy;sexy;say;sydney;sandy;security
32	4	eyeswipe2	E02	.	COMPLETED	389101.0	390212.0	0.0	0.0	-1.0	.;;;!;?
33	4	eyeswipe2	E02	protect	COMPLETED	395056.0	397231.0	0.0	0.0	-1.0	protect;project;priest;protest;prophet;outlet;predict;officer;printer;proper
33	4	eyeswipe2	E02	your	COMPLETED	398704.0	401221.0	0.0	0.0	-1.0	your;younger;year
33	4	eyeswipe2	E02	-	CANCELED	401866.0	403682.0	0.0	0.0	-1.0	-
33	4	eyeswipe2	E02	environment	COMPLETED	408285.0	413942.0	0.0	0.0	-1.0	environment;experiment;establishment;endorsement;excitement;enforcement;employment;elephant;element;entrepreneur
33	4	eyeswipe2	E02	.	COMPLETED	414692.0	416356.0	0.0	0.0	-1.0	.;;;!;?
0	1	eyeswipe2	E02	-	CANCELED	51372.0	56892.0	0.0	915.0	-1.0	-
0	1	eyeswipe2	E02	-	CANCELED	58075.0	63385.0	0.0	750.0	-1.0	-
0	1	eyeswipe2	E02	-	CANCELED	63430.0	64600.0	0.0	0.0	-1.0	-
0	1	eyeswipe2	E02	-	CANCELED	64600.0	69371.0	0.0	931.0	-1.0	-
0	1	eyeswipe2	E02	stiff	COMPLETED	69837.0	73181.0	0.0	0.0	-1.0	stiff;stuff;sig;surf;serving;saying;seating;strong;signing;sewing
0	1	eyeswipe2	E02	-	CANCELED	74140.0	75250.0	0.0	0.0	-1.0	-
0	1	eyeswipe2	E02	penalty	COMPLETED	75641.0	79135.0	0.0	0.0	-1.0	penalty;pharmacology;placement;prevent;pregnant;pendant;payment;punishment;plant;planet
0	1	eyeswipe2	E02	-	CANCELED	80050.0	81100.0	0.0	0.0	-1.0	-
0	1	eyeswipe2	E02	for	COMPLETED	81100.0	82660.0	0.0	0.0	-1.0	resort;reservoir;fit;fort;forget;for;four;recorder;fought;fight
0	1	eyeswipe2	E02	-	CANCELED	84400.0	85929.0	0.0	0.0	-1.0	-
0	1	eyeswipe2	E02	-	CANCELED	85929.0	92457.0	0.0	724.0	-1.0	-
0	1	eyeswipe2	E02	-	CANCELED	92501.0	93926.0	0.0	0.0	-1.0	-
0	1	eyeswipe2	E02	-	CANCELED	93971.0	99504.0	0.0	719.0	-1.0	-
0	1	eyeswipe2	E02	staying	COMPLETED	100014.0	103239.0	0.0	0.0	-1.0	starting;stating;staying;starring;staffing;sarah;scratch;stretch;steering;sharing
0	1	eyeswipe2	E02	-	CANCELED	105026.0	106569.0	0.0	0.0	-1.0	-
0	1	eyeswipe2	E02	out	COMPLETED	107168.0	109209.0	0.0	0.0	-1.0	out;opt;orgy;ought;orbit;obey;object;oct;opportunity;only
0	1	eyeswipe2	E02	-	CANCELED	109994.0	110894.0	0.0	0.0	-1.0	-
0	1	eyeswipe2	E02	leader	COMPLETED	111162.0	112674.0	0.0	0.0	-1.0	leader;laser;ladder;lesser;late;later;latter;lease;kate;liar
0	1	eyeswipe2	E02	leader	COMPLETED	117413.0	118254.0	0.0	0.0	-1.0	-
0	1	eyeswipe2	E02	late	COMPLETED	119036.0	121374.0	0.0	0.0	-1.0	late;later;leader;laser;ladder;latter;lesser;linear;liar;lower
0	1	eyeswipe2	E02	.	COMPLETED	122276.0	123609.0	0.0	0.0	-1.0	.;;;!;?
1	1	eyeswipe2	E02	the	COMPLETED	128437.0	131035.0	0.0	0.0	-1.0	the;there;three;thee;true;tue;these;tube;tune;trustee
1	1	eyeswipe2	E02	living	COMPLETED	132502.0	135428.0	0.0	0.0	-1.0	linking;locking;lodging;living;loving;log;licking;long;lighting;lung
1	1	eyeswipe2	E02	-	CANCELED	137768.0	138847.0	0.0	0.0	-1.0	-
1	1	eyeswipe2	E02	-	CANCELED	138997.0	142568.0	0.0	599.0	-1.0	-
1	1	eyeswipe2	E02	is	COMPLETED	143048.0	144940.0	0.0	0.0	-1.0	its;is;irs;ids;ides;ideas;ins;interfaces;interests;increases
1	1	eyeswipe2	E02	-	CANCELED	146467.0	147322.0	0.0	0.0	-1.0	-
1	1	eyeswipe2	E02	-	CANCELED	147322.0	152031.0	0.0	794.0	-1.0	-
1	1	eyeswipe2	E02	-	CANCELED	154326.0	158136.0	0.0	555.0	-1.0	-
1	1	eyeswipe2	E02	-	CANCELED	158196.0	159504.0	0.0	0.0	-1.0	-
1	1	eyeswipe2	E02	easy	COMPLETED	159504.0	161707.0	0.0	0.0	-1.0	easy;essay;est;eat;west;east;way;watt;why;wet
1	1	eyeswipe2	E02	.	COMPLETED	162802.0	163777.0	0.0	0.0	-1.0	.;;;!;?
2	1	eyeswipe2	E02	there	DELETED	171457.0	173480.0	1922.0	0.0	177625.0	the;there;three;thee;these;true;tue;tube;tune;trustee
2	1	eyeswipe2	E02	-	CANCELED	174351.0	176420.0	0.0	0.0	-1.0	-
2	1	eyeswipe2	E02	there	COMPLETED	177457.0	178073.0	0.0	0.0	-1.0	-
2	1	eyeswipe2	E02	the	COMPLETED	178836.0	181206.0	0.0	0.0	-1.0	the;three;thee;there;these;true;tube;tune;tue;trustee
2	1	eyeswipe2	E02	-	CANCELED	181912.0	183367.0	0.0	0.0	-1.0	-
2	1	eyeswipe2	E02	-	CANCELED	183367.0	188150.0	0.0	748.0	-1.0	-
2	1	eyeswipe2	E02	dreamers	COMPLETED	188884.0	193295.0	0.0	0.0	-1.0	dreamers;dreams;dans;darkness;deaths;dealers;deals;damages;dallas;delivers
2	1	eyeswipe2	E02	-	CANCELED	194614.0	196238.0	0.0	0.0	-1.0	-
2	1	eyeswipe2	E02	-	CANCELED	196415.0	200779.0	0.0	1211.0	-1.0	-
2	1	eyeswipe2	E02	of	COMPLETED	201380.0	203572.0	2234.0	0.0	-1.0	of;off
2	1	eyeswipe2	E02	dreams	COMPLETED	209299.0	211459.0	0.0	0.0	-1.0	dreams;ranges;references;dans;dreamers;reaches;rangers;researchers;deaths;ranks
2	1	eyeswipe2	E02	.	COMPLETED	212209.0	213184.0	0.0	0.0	-1.0	.;;;!;?
3	1	eyeswipe2	E02	-	CANCELED	217893.0	219393.0	0.0	0.0	-1.0	-
3	1	eyeswipe2	E02	the	COMPLETED	219619.0	221613.0	0.0	0.0	-1.0	the;there;three;thee;these;true;tune;tube;tuner;tue
3	1	eyeswipe2	E02	-	CANCELED	222228.0	223833.0	0.0	0.0	-1.0	-
3	1	eyeswipe2	E02	assault	COMPLETED	223833.0	226128.0	0.0	0.0	-1.0	assault;adult;shot;short;soft;sort;alot;alt;salt;slot
3	1	eyeswipe2	E02	-	CANCELED	226954.0	227884.0	0.0	0.0	-1.0	-
3	1	eyeswipe2	E02	took	COMPLETED	227884.0	229535.0	0.0	0.0	-1.0	took;folk;think;trunk;funk;truck;trek;greek;geek;textbook
3	1	eyeswipe2	E02	-	CANCELED	230313.0	231168.0	0.0	0.0	-1.0	-
3	1	eyeswipe2	E02	six	COMPLETED	231228.0	232832.0	0.0	0.0	-1.0	six;sox;sic;arctic;sonic;acrylic;atomic;sync;syntax;scenic
3	1	eyeswipe2	E02	-	CANCELED	233464.0	234273.0	0.0	0.0	-1.0	-
3	1	eyeswipe2	E02	-	CANCELED	234468.0	239866.0	0.0	617.0	-1.0	-
3	1	eyeswipe2	E02	-	CANCELED	239942.0	241129.0	0.0	0.0	-1.0	-
3	1	eyeswipe2	E02	-	CANCELED	241206.0	246844.0	0.0	722.0	-1.0	-
3	1	eyeswipe2	E02	months	COMPLETED	247426.0	250595.0	0.0	0.0	-1.0	months;mild;milfs;mold;minus;mills;mines;minutes;moves;movers
3	1	eyeswipe2	E02	.	COMPLETED	251476.0	252527.0	0.0	0.0	-1.0	.;;;!;?
4	1	eyeswipe2	E02	a	COMPLETED	257102.0	257627.0	0.0	0.0	-1.0	a;ada;area;ata;ana;arena;aqua;aruba
4	1	eyeswipe2	E02	-	CANCELED	258485.0	263103.0	0.0	809.0	-1.0	-
4	1	eyeswipe2	E02	-	CANCELED	263103.0	264541.0	0.0	0.0	-1.0	-
4	1	eyeswipe2	E02	security	COMPLETED	264541.0	267675.0	0.0	0.0	-1.0	security;study;surrey;surgery;equity;wu;eu;why;sexy;every
4	1	eyeswipe2	E02	-	CANCELED	268530.0	269311.0	0.0	0.0	-1.0	-
4	1	eyeswipe2	E02	force	COMPLETED	269610.0	272852.0	0.0	0.0	-1.0	force;fleece;forge;fridge;five;file;futile;fibre;fudge;fine
4	1	eyeswipe2	E02	-	CANCELED	273525.0	274382.0	0.0	0.0	-1.0	-
4	1	eyeswipe2	E02	of	COMPLETED	274729.0	276540.0	0.0	0.0	-1.0	of;off
4	1	eyeswipe2	E02	-	CANCELED	277384.0	278776.0	0.0	0.0	-1.0	-
4	1	eyeswipe2	E02	eight	COMPLETED	278776.0	280352.0	0.0	0.0	-1.0	eight;edit;effort;earth;edinburgh;eating;editing;exit;extinct;exhibit
4	1	eyeswipe2	E02	-	CANCELED	281103.0	282527.0	0.0	0.0	-1.0	-
4	1	eyeswipe2	E02	thousand	COMPLETED	284431.0	287941.0	2011.0	0.0	-1.0	towns;titans;thousand;thousands;turned;turns;temperatures;touched;trucks;tricks
4	1	eyeswipe2	E02	.	COMPLETED	293190.0	294676.0	0.0	0.0	-1.0	.;;;!;?
5	1	eyeswipe2	E02	neither	COMPLETED	298890.0	302175.0	0.0	0.0	-1.0	neither;nudist;neighbor;newsletter;niger;night;nut;never;newer;nest
5	1	eyeswipe2	E02	a	COMPLETED	304205.0	305806.0	0.0	0.0	-1.0	a;ada;area;ata;aruba;aqua;andrea;agenda;arena;ana
5	1	eyeswipe2	E02	-	CANCELED	306466.0	308443.0	0.0	0.0	-1.0	-
5	1	eyeswipe2	E02	-	CANCELED	308443.0	314143.0	0.0	990.0	-1.0	-
5	1	eyeswipe2	E02	borrower	COMPLETED	315241.0	318704.0	0.0	0.0	-1.0	borrower;butler;blair;brother;bother;burner;bumper;builder;buyer;broker
5	1	eyeswipe2	E02	-	CANCELED	319814.0	321149.0	0.0	0.0	-1.0	-
5	1	eyeswipe2	E02	nor	COMPLETED	321449.0	322724.0	0.0	0.0	-1.0	nor;niger;night;not;nut;number;northwest;northeast;newest;near
5	1	eyeswipe2	E02	-	CANCELED	323400.0	324838.0	0.0	0.0	-1.0	-
5	1	eyeswipe2	E02	a	COMPLETED	326923.0	327838.0	0.0	0.0	-1.0	a;ada;area;ata;aqua;aruba;arena;ana;andrea;agenda
5	1	eyeswipe2	E02	-	CANCELED	328544.0	329713.0	0.0	0.0	-1.0	-
5	1	eyeswipe2	E02	lender	COMPLETED	329923.0	332668.0	0.0	0.0	-1.0	lender;legend;lenses;lenders;legends;lens;legs;luther;land;lands
5	1	eyeswipe2	E02	-	CANCELED	333750.0	334799.0	0.0	0.0	-1.0	-
5	1	eyeswipe2	E02	be	COMPLETED	335023.0	336987.0	0.0	0.0	-1.0	be;bee;bye;byte;beware;base;bare;badge;brave;beverage
5	1	eyeswipe2	E02	.	COMPLETED	337663.0	338609.0	0.0	0.0	-1.0	.;;;!;?
6	1	eyeswipe2	E02	-	CANCELED	344143.0	350022.0	0.0	795.0	-1.0	-
6	1	eyeswipe2	E02	-	CANCELED	350022.0	351176.0	0.0	0.0	-1.0	-
6	1	eyeswipe2	E02	-	CANCELED	351866.0	358902.0	0.0	795.0	-1.0	-
6	1	eyeswipe2	E02	dinosaurs	COMPLETED	359471.0	364797.0	0.0	0.0	-1.0	dinosaurs;delayed;delays;dildos;directors;disks;disorders;dishes;distributors;distributed
6	1	eyeswipe2	E02	-	CANCELED	365742.0	366911.0	0.0	0.0	-1.0	-
6	1	eyeswipe2	E02	-	CANCELED	366911.0	367647.0	0.0	0.0	-1.0	-
6	1	eyeswipe2	E02	have	COMPLETED	368036.0	370541.0	0.0	0.0	-1.0	have;hide;hardware;hate;huge;here;he;hence;hygiene;hurricane
6	1	eyeswipe2	E02	-	CANCELED	372206.0	372970.0	0.0	0.0	-1.0	-
6	1	eyeswipe2	E02	-	CANCELED	373391.0	379165.0	0.0	631.0	-1.0	-
6	1	eyeswipe2	E02	-	CANCELED	379211.0	383785.0	0.0	674.0	-1.0	-
6	1	eyeswipe2	E02	-	CANCELED	383785.0	384914.0	0.0	0.0	-1.0	-
6	1	eyeswipe2	E02	been	COMPLETED	385228.0	387671.0	0.0	0.0	-1.0	ben;been;between;ban;bean;began;barn;begun;bryan;benign
6	1	eyeswipe2	E02	-	CANCELED	388885.0	390010.0	0.0	0.0	-1.0	-
6	1	eyeswipe2	E02	-	CANCELED	390176.0	395862.0	0.0	693.0	-1.0	-
6	1	eyeswipe2	E02	-	CANCELED	396299.0	402685.0	0.0	736.0	-1.0	-
6	1	eyeswipe2	E02	-	CANCELED	402685.0	403646.0	0.0	0.0	-1.0	-
6	1	eyeswipe2	E02	-	CANCELED	403646.0	409645.0	0.0	827.0	-1.0	-
6	1	eyeswipe2	E02	ethnic	COMPLETED	409945.0	415674.0	1890.0	0.0	-1.0	economic;ethnic;eric;epic;exotic;erotic;electric;etc;electronic;exec
6	1	eyeswipe2	E02	extinct	COMPLETED	423204.0	427900.0	0.0	0.0	-1.0	extinct;exist;eight;escort;event;extent;effort;ethernet;exit;edit
6	1	eyeswipe2	E02	-	CANCELED	429234.0	430208.0	0.0	0.0	-1.0	-
6	1	eyeswipe2	E02	for	COMPLETED	430208.0	431603.0	0.0	0.0	-1.0	fur;for;fit;fight;fighter;fruit;fort;four;forget;fought
6	1	eyeswipe2	E02	-	CANCELED	433073.0	434273.0	0.0	0.0	-1.0	-
6	1	eyeswipe2	E02	ages	COMPLETED	434588.0	436882.0	0.0	0.0	-1.0	ages;agrees;acts;actress;abs;age;adverse;ave;ate;arts
6	1	eyeswipe2	E02	.	COMPLETED	437783.0	438683.0	0.0	0.0	-1.0	.;;;!;?
